name	type	start	end	tip
PIS49865.1_B8441_Cauris	entire protein	1	1720	PIS49865.1_B8441_Cauris
PIS50296.1_B8441_Cauris	entire protein	1	2946	PIS50296.1_B8441_Cauris
PIS50297.1_B8441_Cauris	entire protein	1	664	PIS50297.1_B8441_Cauris
PIS50623.1_B8441_Cauris	entire protein	1	717	PIS50623.1_B8441_Cauris
PIS52481.1_B8441_Cauris	entire protein	1	1247	PIS52481.1_B8441_Cauris
PIS52483.1_B8441_Cauris	entire protein	1	760	PIS52483.1_B8441_Cauris
PIS55432.1_B8441_Cauris	entire protein	1	1375	PIS55432.1_B8441_Cauris
PIS56617.1_B8441_Cauris	entire protein	1	858	PIS56617.1_B8441_Cauris
PIS49865.1_B8441_Cauris	Hyphal_reg_CWP	12	327	Hyphal_reg_CWP
PIS50296.1_B8441_Cauris	Hyphal_reg_CWP	12	327	Hyphal_reg_CWP
PIS50297.1_B8441_Cauris	Hyphal_reg_CWP	12	327	Hyphal_reg_CWP
PIS50623.1_B8441_Cauris	Hyphal_reg_CWP	14	327	Hyphal_reg_CWP
PIS52481.1_B8441_Cauris	Hyphal_reg_CWP	11	326	Hyphal_reg_CWP
PIS52483.1_B8441_Cauris	Hyphal_reg_CWP	10	325	Hyphal_reg_CWP
PIS55432.1_B8441_Cauris	Hyphal_reg_CWP	8	323	Hyphal_reg_CWP
PIS56617.1_B8441_Cauris	Hyphal_reg_CWP	10	334	Hyphal_reg_CWP
PIS49865.1_B8441_Cauris	SignalP	1	31	SignalP
PIS50296.1_B8441_Cauris	SignalP	1	31	SignalP
PIS50297.1_B8441_Cauris	SignalP	1	31	SignalP
PIS50623.1_B8441_Cauris	SignalP	1	33	SignalP
PIS52481.1_B8441_Cauris	SignalP	1	30	SignalP
PIS52483.1_B8441_Cauris	SignalP	1	29	SignalP
PIS55432.1_B8441_Cauris	SignalP	1	27	SignalP
PIS56617.1_B8441_Cauris	SignalP	1	29	SignalP
PIS49865.1_B8441_Cauris	GPI-anchor	1687	1720	GPI-anchor
PIS50296.1_B8441_Cauris	GPI-anchor	2911	2946	GPI-anchor
PIS50297.1_B8441_Cauris	GPI-anchor	631	664	GPI-anchor
PIS52481.1_B8441_Cauris	GPI-anchor	1212	1247	GPI-anchor
PIS52483.1_B8441_Cauris	GPI-anchor	725	760	GPI-anchor
PIS55432.1_B8441_Cauris	GPI-anchor	1340	1375	GPI-anchor
PIS56617.1_B8441_Cauris	GPI-anchor	824	858	GPI-anchor
PIS50623.1_B8441_Cauris	GPI-anchor	676	717	GPI-anchor
PIS55432.1_B8441_Cauris	TR-6	342	1135	"TTTWTTTDSDGNPTTDSGVVIVTTDSDGSLTTTTSTIPPDVTSEPTGMTTF
type: TR-6
period: 51
copyN: 13.93"
PIS52481.1_B8441_Cauris	TR-18	346	1003	"EGPTTYTTSVVTTDSNGQTTTSSDVVIVTTDSDGSLTTTTSPLGPS
type: TR-18
period: 46
copyN: 13.915"
PIS49865.1_B8441_Cauris	TR-20	501	1439	"TTYTSTWTTTDANGNVETDSGVVIVTTDSNGQLTTTTSVIDSPF
type: TR-20
period: 44
copyN: 22.232"
PIS50296.1_B8441_Cauris	TR-22	507	2531	"PPFTTYTSTWTTTNSDGVETDSGVVIVTTDSDGQLTTTTSVIP
type: TR-22
period: 43
copyN: 46.942"
PIS49865.1_B8441_Cauris	TR-24	1525	1603	"VTSVCPESTTFVSTKEDGKETTVTGAELHETTVNGIVTSY
type: TR-24
period: 40
copyN: 2"
PIS50297.1_B8441_Cauris	TR-30	329	380	"EESSSSSPSSSEASSSSEAESSPG
type: TR-30
period: 24
copyN: 3.12833333333333"
PIS50296.1_B8441_Cauris	TR-30	350	461	"SSVAPSSSADSSSSAESSSSEAPN
type: TR-30
period: 24
copyN: 3.12833333333333"
PIS56617.1_B8441_Cauris	TR-37	341	377	"SSQSTDDNASTSGEE
type: TR-37
period: 15
copyN: 2.4"
PIS52481.1_B8441_Cauris	TR-48	1182	1211	"AAESSAPSEAPNP
type: TR-48
period: 13
copyN: 2"
PIS50623.1_B8441_Cauris	TR-50	619	664	"PAPSAAPSSGPG
type: TR-50
period: 12
copyN: 3.77"
PIS50623.1_B8441_Cauris	TR-58	374	460	"SSASSAVSSAS
type: TR-58
period: 11
copyN: 5.57333333333333"
PIS56617.1_B8441_Cauris	TR-63	384	475	"STTGPTDGGD
type: TR-63
period: 10
copyN: 8.75"
PIS49865.1_B8441_Cauris	TR-67	352	494	"SESSSESASS
type: TR-67
period: 10
copyN: 10.625"
PIS52483.1_B8441_Cauris	TR-75	472	606	"EPTGPGNGG
type: TR-75
period: 9
copyN: 14.1466666666667"
PIS50296.1_B8441_Cauris	TR-81	333	354	"SSSSQSSVI
type: TR-81
period: 9
copyN: 2.44"
PIS56617.1_B8441_Cauris	TR-86	497	513	"GDSSSTTP
type: TR-86
period: 8
copyN: 2.12"
PIS50623.1_B8441_Cauris	TR-94	477	492	"TTYSDVA
type: TR-94
period: 7
copyN: 2.285"
PIS55432.1_B8441_Cauris	TR-96	67	81	"VTSVDGI
type: TR-96
period: 7
copyN: 2.14"
PIS50297.1_B8441_Cauris	TR-98	160	175	"DGTISNA
type: TR-98
period: 7
copyN: 2.26"
PIS50297.1_B8441_Cauris	TR-99	377	393	"SSPTPGP
type: TR-99
period: 7
copyN: 2.43"
PIS50296.1_B8441_Cauris	TR-103	2683	2697	"STSDAAG
type: TR-103
period: 7
copyN: 2.14"
PIS52483.1_B8441_Cauris	TR-106	328	475	"PSSSEP
type: TR-106
period: 6
copyN: 18.8775"
PIS52483.1_B8441_Cauris	TR-107	606	698	"GGNGNG
type: TR-107
period: 6
copyN: 16.3333333333333"
PIS56617.1_B8441_Cauris	TR-112	514	773	"GDNGS
type: TR-112
period: 5
copyN: 42.08"
